309,"[[36.90496719962048, 0.12668627653988843], [36.90509055835499, 0.12668089804075428], [36.905091061599066, 0.12646428584611807], [36.905050737648025, 0.1264258166961191], [36.90496779401751, 0.1264305077579009]]"
310,"[[36.90509055835499, 0.12668089804075428], [36.90521391799729, 0.1266755195402425], [36.90521442406211, 0.12645730793686116], [36.905091061599066, 0.12646428584611807]]"
311,"[[36.90521391799729, 0.1266755195402425], [36.90534026464853, 0.12667001108840928], [36.90534077533323, 0.12645016210262744], [36.90521442406211, 0.12645730793686116]]"
312,"[[36.90534026464853, 0.12667001108840928], [36.90546661220804, 0.12666450263512757], [36.905467126614575, 0.12644301536248428], [36.90534077533323, 0.12645016210262744]]"
313,"[[36.90546661220804, 0.12666450263512757], [36.90559295977773, 0.12665899418032425], [36.905593477906, 0.12643586952467614], [36.905467126614575, 0.12644301536248428]]"
314,"[[36.90559295977773, 0.12665899418032425], [36.90571930735761, 0.12665348572399937], [36.90571982920767, 0.12642872278095874], [36.905593477906, 0.12643586952467614]]"
315,"[[36.90571930735761, 0.12665348572399937], [36.90584565494767, 0.12664797726615304], [36.90584618051941, 0.12642157693957656], [36.90571982920767, 0.12642872278095874]]"
316,"[[36.90584565494767, 0.12664797726615304], [36.90597200254791, 0.1266424688067853], [36.905972531841385, 0.1264144301922852], [36.90584618051941, 0.12642157693957656]]"
317,"[[36.90597200254791, 0.1266424688067853], [36.906098350158345, 0.12663696034589625], [36.90609888317344, 0.12640728434732953], [36.905972531841385, 0.1264144301922852]]"
318,"[[36.906098350158345, 0.12663696034589625], [36.906224696880955, 0.12663145097929027], [36.90622523451572, 0.12640013759646473], [36.90609888317344, 0.12640728434732953]]"
319,"[[36.906224696880955, 0.12663145097929027], [36.90635104451175, 0.12662594251535877], [36.906351585868094, 0.1263929917479359], [36.90622523451572, 0.12640013759646473]]"
320,"[[36.90635104451175, 0.12662594251535877], [36.90647739215272, 0.12662043404990628], [36.90647793723068, 0.12638584499349806], [36.906351585868094, 0.1263929917479359]]"
321,"[[36.90647739215272, 0.12662043404990628], [36.906603739803884, 0.12661492558293277], [36.906604288603354, 0.12637869914139657], [36.90647793723068, 0.12638584499349806]]"
322,"[[36.906603739803884, 0.12661492558293277], [36.90673008746522, 0.1266094171144384], [36.90673063998625, 0.12637155238338607], [36.906604288603354, 0.12637869914139657]]"
323,"[[36.90673008746522, 0.1266094171144384], [36.90685643513674, 0.1266039086444232], [36.90685699137922, 0.12636440652771225], [36.90673063998625, 0.12637155238338607]]"
324,"[[36.90685643513674, 0.1266039086444232], [36.90698278281844, 0.1265984001728872], [36.906983342782425, 0.1263572597661295], [36.90685699137922, 0.12636440652771225]]"
325,"[[36.90698278281844, 0.1265984001728872], [36.90710912961231, 0.1265928907956344], [36.9071096941957, 0.12635011390688386], [36.906983342782425, 0.1263572597661295]]"
326,"[[36.90710912961231, 0.1265928907956344], [36.90723547731436, 0.12658738232105718], [36.90723604561919, 0.12634296714172938], [36.9071096941957, 0.12635011390688386]]"
327,"[[36.90723547731436, 0.12658738232105718], [36.90736182502659, 0.12658187384495947], [36.90736239705277, 0.12633582127891235], [36.90723604561919, 0.12634296714172938]]"
328,"[[36.90736182502659, 0.12658187384495947], [36.907512532183695, 0.12657530319811502], [36.9075131088542, 0.12632729679811877], [36.90736239705277, 0.12633582127891235]]"
329,"[[36.907512532183695, 0.12657530319811502], [36.90763612641458, 0.1265699147428656], [36.90763656311115, 0.12632031434225457], [36.9075131088542, 0.12632729679811877]]"
330,"[[36.90763612641458, 0.1265699147428656], [36.90774392527821, 0.12656521484619995], [36.907745423280076, 0.12627340732001918], [36.9076769852599, 0.1262772786412718], [36.90763656311115, 0.12632031434225457]]"
308,"[[36.90496779401751, 0.1264305077579009], [36.905050737648025, 0.1264258166961191], [36.90509125134074, 0.12638277565633577], [36.90509185316251, 0.12612337409256863], [36.90496849071221, 0.12613035202722245]]"
307,"[[36.90509125134074, 0.12638277565633577], [36.905214613803054, 0.12637579774059954], [36.90521521562243, 0.12611639706033426], [36.90509185316251, 0.12612337409256863]]"
306,"[[36.905214613803054, 0.12637579774059954], [36.90533797627498, 0.12636882072728184], [36.9053385789901, 0.12610942002647071], [36.90521521562243, 0.12611639706033426]]"
305,"[[36.90533797627498, 0.12636882072728184], [36.90546133875659, 0.12636184371226075], [36.90546194146938, 0.1261024429908321], [36.9053385789901, 0.12610942002647071]]"
304,"[[36.90546133875659, 0.12636184371226075], [36.905584702145944, 0.1263548666956096], [36.90558530395842, 0.1260954650493693], [36.90546194146938, 0.1261024429908321]]"
303,"[[36.905584702145944, 0.1263548666956096], [36.905708064646994, 0.12634788877305994], [36.905708666457066, 0.1260884880103267], [36.90558530395842, 0.1260954650493693]]"
302,"[[36.905708064646994, 0.12634788877305994], [36.90583142715764, 0.12634091175292947], [36.90583202986347, 0.12608151096965525], [36.905708666457066, 0.1260884880103267]]"
301,"[[36.90583142715764, 0.12634091175292947], [36.90595478967798, 0.12633393473109608], [36.90595539238155, 0.12607453302308672], [36.90583202986347, 0.12608151096965525]]"
300,"[[36.90595478967798, 0.12633393473109608], [36.90607815310614, 0.12632695680351044], [36.906078754909245, 0.12606755597893896], [36.90595539238155, 0.12607453302308672]]"
299,"[[36.90607815310614, 0.12632695680351044], [36.90620151564583, 0.12631997977827142], [36.90620211744662, 0.1260605789330897], [36.906078754909245, 0.12606755597893896]]"
298,"[[36.90620151564583, 0.12631997977827142], [36.90628954066086, 0.12631500160510042], [36.90631642585946, 0.1262864805314219], [36.906317301206414, 0.12605406413258594], [36.90620211744662, 0.1260605789330897]]"
297,"[[36.906397259987116, 0.12628179109024734], [36.906424058232524, 0.12630739350223896], [36.90652639501733, 0.12630160458828107], [36.90652699771007, 0.1260422036889003], [36.90639812724066, 0.12604949221459888]]"
296,"[[36.90652639501733, 0.12630160458828107], [36.90664975759219, 0.12629462755685594], [36.906650360282605, 0.12603522663686928], [36.90652699771007, 0.1260422036889003]]"
295,"[[36.90664975759219, 0.12629462755685594], [36.90677312107481, 0.12628765052380153], [36.9067737228649, 0.12602824867901433], [36.906650360282605, 0.12603522663686928]]"
294,"[[36.90677312107481, 0.12628765052380153], [36.90689648366902, 0.1262806734889719], [36.90689708635487, 0.12602127162365406], [36.9067737228649, 0.12602824867901433]]"
293,"[[36.90689648366902, 0.1262806734889719], [36.90701984627299, 0.12627369554831722], [36.90702044895644, 0.12601429456652014], [36.90689708635487, 0.12602127162365406]]"
292,"[[36.90701984627299, 0.12627369554831722], [36.90714320888656, 0.1262667185100835], [36.90714381156768, 0.12600731750768543], [36.90702044895644, 0.12601429456652014]]"
291,"[[36.90714320888656, 0.1262667185100835], [36.90726657240788, 0.12625974147022084], [36.907267174188675, 0.12600033954302695], [36.90714381156768, 0.12600731750768543]]"
290,"[[36.90726657240788, 0.12625974147022084], [36.90738993504087, 0.12625276352446027], [36.90739053771735, 0.12599336248086376], [36.907267174188675, 0.12600033954302695]]"
289,"[[36.90738993504087, 0.12625276352446027], [36.90751329768346, 0.12624578648112111], [36.907513900357614, 0.1259863854169274], [36.90739053771735, 0.12599336248086376]]"
288,"[[36.90751329768346, 0.12624578648112111], [36.90763657501836, 0.12623881394976785], [36.90763726839607, 0.12597940744760386], [36.907513900357614, 0.1259863854169274]]"
287,"[[36.90763657501836, 0.12623881394976785], [36.9076769852599, 0.1262772786412718], [36.907745423280076, 0.12627340732001918], [36.9077469641074, 0.12597320320230193], [36.90763726839607, 0.12597940744760386]]"
286,"[[36.90763726839607, 0.12597940744760386], [36.9077469641074, 0.12597320320230193], [36.90774850487762, 0.12567299908392462], [36.90767837847421, 0.12567696522807], [36.907637961731155, 0.12572000094516014]]"
285,"[[36.907513900357614, 0.1259863854169274], [36.90763726839607, 0.12597940744760386], [36.907637961731155, 0.12572000094516014], [36.90751450209114, 0.12572698344828798]]"
284,"[[36.90739053771735, 0.12599336248086376], [36.907513900357614, 0.1259863854169274], [36.90751450209114, 0.12572698344828798], [36.90739113945312, 0.12573396143694499]]"
283,"[[36.907267174188675, 0.12600033954302695], [36.90739053771735, 0.12599336248086376], [36.90739113945312, 0.12573396143694499], [36.90726777682484, 0.1257409385197795]]"
282,"[[36.90714381156768, 0.12600731750768543], [36.907267174188675, 0.12600033954302695], [36.90726777682484, 0.1257409385197795], [36.907144414206236, 0.12574791560091472]]"
281,"[[36.90702044895644, 0.12601429456652014], [36.90714381156768, 0.12600731750768543], [36.907144414206236, 0.12574791560091472], [36.907021050699164, 0.12575489358440078]]"
280,"[[36.90689708635487, 0.12602127162365406], [36.90702044895644, 0.12601429456652014], [36.907021050699164, 0.12575489358440078], [36.90689768809991, 0.12576187066213687]]"
279,"[[36.9067737228649, 0.12602824867901433], [36.90689708635487, 0.12602127162365406], [36.90689768809991, 0.12576187066213687], [36.90677432551034, 0.12576884773817334]]"
278,"[[36.906650360282605, 0.12603522663686928], [36.9067737228649, 0.12602824867901433], [36.90677432551034, 0.12576884773817334], [36.90665096293044, 0.1257758248125101]]"
277,"[[36.90652699771007, 0.1260422036889003], [36.906650360282605, 0.12603522663686928], [36.90665096293044, 0.1257758248125101], [36.90652759946207, 0.125782802789197]]"
276,"[[36.90639812724066, 0.12604949221459888], [36.90652699771007, 0.1260422036889003], [36.90652759946207, 0.125782802789197], [36.90642599551207, 0.1257885493029218], [36.90639899445992, 0.12581719424277488]]"
275,"[[36.90620211744662, 0.1260605789330897], [36.906317301206414, 0.12605406413258594], [36.9063181765176, 0.1258216667200238], [36.90629147525118, 0.1257961574505193], [36.90620272010288, 0.12580117718360875]]"
274,"[[36.906078754909245, 0.12606755597893896], [36.90620211744662, 0.1260605789330897], [36.90620272010288, 0.12580117718360875], [36.906079357567755, 0.1258081551541908]]"
273,"[[36.90595539238155, 0.12607453302308672], [36.906078754909245, 0.12606755597893896], [36.906079357567755, 0.1258081551541908], [36.90595599504239, 0.12581513221895008]]"
272,"[[36.90583202986347, 0.12608151096965525], [36.90595539238155, 0.12607453302308672], [36.90595599504239, 0.12581513221895008], [36.90583263162863, 0.12582210928193616]]"
271,"[[36.905708666457066, 0.1260884880103267], [36.90583202986347, 0.12608151096965525], [36.90583263162863, 0.12582210928193616], [36.90570926912254, 0.1258290872474168]]"
270,"[[36.90558530395842, 0.1260954650493693], [36.905708666457066, 0.1260884880103267], [36.90570926912254, 0.1258290872474168], [36.905585906626214, 0.1258360643070745]]"
269,"[[36.90546194146938, 0.1261024429908321], [36.90558530395842, 0.1260954650493693], [36.905585906626214, 0.1258360643070745], [36.905462544139574, 0.12584304136503155]]"
268,"[[36.9053385789901, 0.12610942002647071], [36.90546194146938, 0.1261024429908321], [36.905462544139574, 0.12584304136503155], [36.905339180764535, 0.125850018421215]]"
267,"[[36.90521521562243, 0.12611639706033426], [36.9053385789901, 0.12610942002647071], [36.905339180764535, 0.125850018421215], [36.90521581829719, 0.12585699637989234]]"
266,"[[36.90509185316251, 0.12612337409256863], [36.90521521562243, 0.12611639706033426], [36.90521581829719, 0.12585699637989234], [36.90509245583959, 0.1258639734327466]]"
265,"[[36.90496849071221, 0.12613035202722245], [36.90509185316251, 0.12612337409256863], [36.90509245583959, 0.1258639734327466], [36.9050521318748, 0.1258255042982923], [36.90496918734983, 0.12583019539208795]]"
264,"[[36.90496918734983, 0.12583019539208795], [36.9050521318748, 0.1258255042982923], [36.905092644652164, 0.12578246324270975], [36.90509324727315, 0.1255230625825597], [36.90496988482829, 0.12553003966081386]]"
263,"[[36.905092644652164, 0.12578246324270975], [36.905216008007095, 0.1257754861834489], [36.905216609727695, 0.1255160855026061], [36.90509324727315, 0.1255230625825597]]"
262,"[[36.905216008007095, 0.1257754861834489], [36.90533937047365, 0.1257685091224147], [36.905339972191996, 0.12550910751683106], [36.905216609727695, 0.1255160855026061]]"
261,"[[36.90533937047365, 0.1257685091224147], [36.90546273294995, 0.12576153115555785], [36.90546333556398, 0.12550213043355135], [36.905339972191996, 0.12550910751683106]]"
260,"[[36.90546273294995, 0.12576153115555785], [36.905586095435865, 0.12575455409112266], [36.90558669804758, 0.1254951533484998], [36.90546333556398, 0.12550213043355135]]"
259,"[[36.905586095435865, 0.12575455409112266], [36.905709458829534, 0.1257475770250599], [36.90571006054093, 0.12548817535762696], [36.90558669804758, 0.1254951533484998]]"
258,"[[36.905709458829534, 0.1257475770250599], [36.90583282133489, 0.12574059905310184], [36.905833423043894, 0.12548119826917734], [36.90571006054093, 0.12548817535762696]]"
257,"[[36.90583282133489, 0.12574059905310184], [36.90595618384985, 0.125733621983566], [36.90595678645461, 0.12547422117910134], [36.905833423043894, 0.12548119826917734]]"
256,"[[36.90595618384985, 0.125733621983566], [36.90607954637449, 0.1257266449123301], [36.90608014897701, 0.12546724318313157], [36.90595678645461, 0.12547422117910134]]"
255,"[[36.90607954637449, 0.1257266449123301], [36.906202909806886, 0.125719667839467], [36.90620351150901, 0.1254602660895854], [36.90608014897701, 0.12546724318313157]]"
254,"[[36.906202909806886, 0.125719667839467], [36.90629178260279, 0.1257146408782596], [36.906318686651154, 0.1256860990008399], [36.90631956190805, 0.12545370249192442], [36.90620351150901, 0.1254602660895854]]"
253,"[[36.906426299270606, 0.1257070327233083], [36.90652778916424, 0.12570129252387915], [36.90652839175833, 0.125441890719798], [36.906400368181075, 0.12544913234933197], [36.906399501016026, 0.12568143032162832]]"
252,"[[36.90652778916424, 0.12570129252387915], [36.906651151733726, 0.12569431544476742], [36.9066517543255, 0.12543491362008044], [36.90652839175833, 0.125441890719798]]"
251,"[[36.906651151733726, 0.12569431544476742], [36.906774514312964, 0.12568733745983343], [36.90677511690236, 0.12542793651866463], [36.9066517543255, 0.12543491362008044]]"
250,"[[36.906774514312964, 0.12568733745983343], [36.906897877799885, 0.12568036037739547], [36.90689847948889, 0.12542095941555068], [36.90677511690236, 0.12542793651866463]]"
249,"[[36.906897877799885, 0.12568036037739547], [36.90702124039841, 0.12567338329318564], [36.90702184298324, 0.12541398140668816], [36.90689847948889, 0.12542095941555068]]"
248,"[[36.90702124039841, 0.12567338329318564], [36.90714460300668, 0.12566640530315357], [36.907145205589124, 0.1254070043001781], [36.90702184298324, 0.12541398140668816]]"
247,"[[36.90714460300668, 0.12566640530315357], [36.907267965624555, 0.12565942821554543], [36.90726856820468, 0.12540002719197033], [36.907145205589124, 0.1254070043001781]]"
246,"[[36.907267965624555, 0.12565942821554543], [36.90739132915018, 0.12565245112631096], [36.90739193082998, 0.12539304917794153], [36.90726856820468, 0.12540002719197033]]"
245,"[[36.90739132915018, 0.12565245112631096], [36.9075146917874, 0.12564547403530507], [36.907515294362966, 0.1253860720664107], [36.90739193082998, 0.12539304917794153]]"
244,"[[36.9075146917874, 0.12564547403530507], [36.90763805442746, 0.12563858283432067], [36.907638657007546, 0.12537909495310987], [36.907515294362966, 0.1253860720664107]]"
243,"[[36.90763805442746, 0.12563858283432067], [36.90767837847421, 0.12567696522807], [36.90774850487762, 0.12567299908392462], [36.90775004559072, 0.12537279496488746], [36.907638657007546, 0.12537909495310987]]"
221,"[[36.90496988482829, 0.12553003966081386], [36.90509324727315, 0.1255230625825597], [36.905093849851525, 0.12526366101803818], [36.90505352587289, 0.1252251928032504], [36.90497058135153, 0.12522988392913306]]"
222,"[[36.90509324727315, 0.1255230625825597], [36.905216609727695, 0.1255160855026061], [36.905217212303754, 0.12525668391746453], [36.905093849851525, 0.12526366101803818]]"
223,"[[36.905216609727695, 0.1255160855026061], [36.905339972191996, 0.12550910751683106], [36.90534057476567, 0.12524970681519274], [36.905217212303754, 0.12525668391746453]]"
224,"[[36.905339972191996, 0.12550910751683106], [36.90546333556398, 0.12550213043355135], [36.905463937237265, 0.1252427297112229], [36.90534057476567, 0.12524970681519274]]"
225,"[[36.90546333556398, 0.12550213043355135], [36.90558669804758, 0.1254951533484998], [36.905587300616695, 0.12523575170150536], [36.905463937237265, 0.1252427297112229]]"
226,"[[36.90558669804758, 0.1254951533484998], [36.90571006054093, 0.12548817535762696], [36.905710663107655, 0.12522877459413956], [36.905587300616695, 0.12523575170150536]]"
227,"[[36.90571006054093, 0.12548817535762696], [36.905833423043894, 0.12548119826917734], [36.90583402560831, 0.12522179748507606], [36.905710663107655, 0.12522877459413956]]"
228,"[[36.905833423043894, 0.12548119826917734], [36.90595678645461, 0.12547422117910134], [36.90595738811871, 0.12521481947019247], [36.90583402560831, 0.12522179748507606]]"
229,"[[36.90595678645461, 0.12547422117910134], [36.90608014897701, 0.12546724318313157], [36.90608075153679, 0.12520784235780602], [36.90595738811871, 0.12521481947019247]]"
230,"[[36.90608014897701, 0.12546724318313157], [36.90620351150901, 0.1254602660895854], [36.906204114066476, 0.12520086524364973], [36.90608075153679, 0.12520784235780602]]"
231,"[[36.90620351150901, 0.1254602660895854], [36.90631956190805, 0.12545370249192442], [36.906320437129196, 0.12522132496928298], [36.90629371609754, 0.12519579672188594], [36.906204114066476, 0.12520086524364973]]"
232,"[[36.906400368181075, 0.12544913234933197], [36.90652839175833, 0.125441890719798], [36.90652899341163, 0.1251824898195179], [36.90642823635265, 0.1251881885222703], [36.90640123531198, 0.12521683347261503]]"
233,"[[36.90652839175833, 0.125441890719798], [36.9066517543255, 0.12543491362008044], [36.90665235597649, 0.1251755126991945], [36.90652899341163, 0.1251824898195179]]"
234,"[[36.9066517543255, 0.12543491362008044], [36.90677511690236, 0.12542793651866463], [36.9067757194491, 0.12516853557724644], [36.90665235597649, 0.1251755126991945]]"
235,"[[36.90677511690236, 0.12542793651866463], [36.90689847948889, 0.12542095941555068], [36.906899082033384, 0.12516155754940622], [36.9067757194491, 0.12516853557724644]]"
236,"[[36.90689847948889, 0.12542095941555068], [36.90702184298324, 0.12541398140668816], [36.90702244462728, 0.12515458042399205], [36.906899082033384, 0.12516155754940622]]"
237,"[[36.90702184298324, 0.12541398140668816], [36.907145205589124, 0.1254070043001781], [36.90714580723085, 0.12514760329688107], [36.90702244462728, 0.12515458042399205]]"
238,"[[36.907145205589124, 0.1254070043001781], [36.90726856820468, 0.12540002719197033], [36.90726917074224, 0.12514062526402273], [36.90714580723085, 0.12514760329688107]]"
239,"[[36.90726856820468, 0.12540002719197033], [36.90739193082998, 0.12539304917794153], [36.907392533365154, 0.1251336481335186], [36.90726917074224, 0.12514062526402273]]"
240,"[[36.90739193082998, 0.12539304917794153], [36.907515294362966, 0.1253860720664107], [36.90751589599775, 0.12512667100131802], [36.907392533365154, 0.1251336481335186]]"
241,"[[36.907515294362966, 0.1253860720664107], [36.907638657007546, 0.12537909495310987], [36.90763925864009, 0.12511969296329775], [36.90751589599775, 0.12512667100131802]]"
242,"[[36.907638657007546, 0.12537909495310987], [36.90775004559072, 0.12537279496488746], [36.90775158714478, 0.12507259084526293], [36.90767977235828, 0.1250766518136059], [36.90763925864009, 0.12511969296329775]]"
220,"[[36.90497058135153, 0.12522988392913306], [36.90505352587289, 0.1252251928032504], [36.90509403863298, 0.12518215173194194], [36.90509464115526, 0.12492275016709271], [36.904971278715685, 0.12492972819719073]]"
219,"[[36.90509403863298, 0.12518215173194194], [36.905217401084556, 0.12517517372076714], [36.905218003604446, 0.12491577303941985], [36.90509464115526, 0.12492275016709271]]"
218,"[[36.905217401084556, 0.12517517372076714], [36.905340764443814, 0.1251681966120888], [36.905341366063325, 0.1249087959100504], [36.905218003604446, 0.12491577303941985]]"
217,"[[36.905340764443814, 0.1251681966120888], [36.90546412691469, 0.12516121950164047], [36.90546472943002, 0.12490181787493468], [36.905341366063325, 0.1249087959100504]]"
216,"[[36.90546412691469, 0.12516121950164047], [36.90558748939531, 0.12515424148537227], [36.90558809190827, 0.1248948407421723], [36.90546472943002, 0.12490181787493468]]"
215,"[[36.90558748939531, 0.12515424148537227], [36.90571085188555, 0.12514726437152876], [36.9057114543962, 0.12488786360771367], [36.90558809190827, 0.1248948407421723]]"
214,"[[36.90571085188555, 0.12514726437152876], [36.90583421528354, 0.12514028725606016], [36.9058348168938, 0.12488088647155891], [36.9057114543962, 0.12488786360771367]]"
213,"[[36.90583421528354, 0.12514028725606016], [36.905957577793146, 0.125133310138822], [36.90595818029924, 0.12487390842965788], [36.9058348168938, 0.12488088647155891]]"
212,"[[36.905957577793146, 0.125133310138822], [36.9060809403125, 0.12512633211576416], [36.90608154281621, 0.12486693129011098], [36.90595818029924, 0.12487390842965788]]"
211,"[[36.9060809403125, 0.12512633211576416], [36.90620430284146, 0.12511935499513158], [36.90620490534286, 0.12485995414886827], [36.90608154281621, 0.12486693129011098]]"
210,"[[36.90620430284146, 0.12511935499513158], [36.90629402341811, 0.12511428014935472], [36.90632102535316, 0.12508563519938667], [36.906321822381145, 0.12485334084925725], [36.90620490534286, 0.12485995414886827]]"
209,"[[36.90642854008016, 0.12510667194238678], [36.90652918308277, 0.1251009795540185], [36.90652978468001, 0.12484157865341107], [36.90640260889303, 0.12484877157795218], [36.90640174181634, 0.12508107045514114]]"
208,"[[36.90652918308277, 0.1251009795540185], [36.9066525456469, 0.12509400242722027], [36.9066531481399, 0.12483460150607924], [36.90652978468001, 0.12484157865341107]]"
207,"[[36.9066525456469, 0.12509400242722027], [36.906775908220716, 0.12508702529872542], [36.906776510711474, 0.12482762345285695], [36.9066531481399, 0.12483460150607924]]"
206,"[[36.906775908220716, 0.12508702529872542], [36.906899270804274, 0.12508004726441108], [36.90689987329265, 0.12482064630206213], [36.906776510711474, 0.12482762345285695]]"
205,"[[36.906899270804274, 0.12508004726441108], [36.907022634295515, 0.1250730701325955], [36.90702323588351, 0.12481366914957208], [36.90689987329265, 0.12482064630206213]]"
204,"[[36.907022634295515, 0.1250730701325955], [36.90714599689836, 0.1250660929990112], [36.90714659938219, 0.124806691091336], [36.90702323588351, 0.12481366914957208]]"
203,"[[36.90714599689836, 0.1250660929990112], [36.90726935951088, 0.12505911586373075], [36.90726996199239, 0.12479971393545572], [36.90714659938219, 0.124806691091336]]"
202,"[[36.90726935951088, 0.12505911586373075], [36.90739272213314, 0.12505213782263086], [36.90739332461228, 0.1247927367778806], [36.90726996199239, 0.12479971393545572]]"
201,"[[36.90739272213314, 0.12505213782263086], [36.907516085663076, 0.12504516068403038], [36.90751668724183, 0.12478575961861058], [36.90739332461228, 0.1247927367778806]]"
200,"[[36.907516085663076, 0.12504516068403038], [36.90763944830462, 0.12503818354366175], [36.90764005077921, 0.1247787815535946], [36.90751668724183, 0.12478575961861058]]"
199,"[[36.90763944830462, 0.12503818354366175], [36.90767977235828, 0.1250766518136059], [36.90775158714478, 0.12507259084526293], [36.907753127743725, 0.124772385820783], [36.90764005077921, 0.1247787815535946]]"
177,"[[36.904971278715685, 0.12492972819719073], [36.90509464115526, 0.12492275016709271], [36.905095242736714, 0.12466334950604391], [36.905054918744376, 0.12462488040267906], [36.90497197512469, 0.12462957156072063]]"
178,"[[36.90509464115526, 0.12492275016709271], [36.905218003604446, 0.12491577303941985], [36.90521860608166, 0.1246563723578232], [36.905095242736714, 0.12466334950604391]]"
179,"[[36.905218003604446, 0.12491577303941985], [36.905341366063325, 0.1249087959100504], [36.9053419685383, 0.12464939430371302], [36.90521860608166, 0.1246563723578232]]"
180,"[[36.905341366063325, 0.1249087959100504], [36.90546472943002, 0.12490181787493468], [36.90546533100455, 0.1246424171520296], [36.9053419685383, 0.12464939430371302]]"
181,"[[36.90546472943002, 0.12490181787493468], [36.90558809190827, 0.1248948407421723], [36.90558869348048, 0.12463543999865095], [36.90546533100455, 0.1246424171520296]]"
182,"[[36.90558809190827, 0.1248948407421723], [36.9057114543962, 0.12488786360771367], [36.90571205686424, 0.12462846193952715], [36.90558869348048, 0.12463543999865095]]"
183,"[[36.9057114543962, 0.12488786360771367], [36.9058348168938, 0.12488088647155891], [36.90583541935954, 0.12462148478275849], [36.90571205686424, 0.12462846193952715]]"
184,"[[36.9058348168938, 0.12488088647155891], [36.90595818029924, 0.12487390842965788], [36.90595878186452, 0.12461450762429492], [36.90583541935954, 0.12462148478275849]]"
185,"[[36.90595818029924, 0.12487390842965788], [36.90608154281621, 0.12486693129011098], [36.906082144379184, 0.12460753046413661], [36.90595878186452, 0.12461450762429492]]"
186,"[[36.90608154281621, 0.12486693129011098], [36.90620490534286, 0.12485995414886827], [36.90620550780167, 0.1246005523982332], [36.906082144379184, 0.12460753046413661]]"
187,"[[36.90620490534286, 0.12485995414886827], [36.906321822381145, 0.12485334084925725], [36.906322754984565, 0.12462103837262756], [36.90629595761335, 0.12459543689545736], [36.90620550780167, 0.1246005523982332]]"
188,"[[36.90640260889303, 0.12484877157795218], [36.90652978468001, 0.12484157865341107], [36.90653038713267, 0.12458217775262674], [36.90643047696464, 0.12458782864375191], [36.90640347593544, 0.1246164736045881]]"
189,"[[36.90652978468001, 0.12484157865341107], [36.9066531481399, 0.12483460150607924], [36.90665374969225, 0.12457519968049423], [36.90653038713267, 0.12458217775262674]]"
190,"[[36.9066531481399, 0.12483460150607924], [36.906776510711474, 0.12482762345285695], [36.906777113159514, 0.12456822251086219], [36.90665374969225, 0.12457519968049423]]"
191,"[[36.906776510711474, 0.12482762345285695], [36.90689987329265, 0.12482064630206213], [36.90690047573839, 0.12456124533946404], [36.906777113159514, 0.12456822251086219]]"
192,"[[36.90689987329265, 0.12482064630206213], [36.90702323588351, 0.12481366914957208], [36.90702383832701, 0.12455426726224887], [36.90690047573839, 0.12456124533946404]]"
193,"[[36.90702323588351, 0.12481366914957208], [36.90714659938219, 0.124806691091336], [36.90714720092523, 0.12454729008746279], [36.90702383832701, 0.12455426726224887]]"
194,"[[36.90714659938219, 0.124806691091336], [36.90726996199239, 0.12479971393545572], [36.9072705644312, 0.1245403129110549], [36.90714720092523, 0.12454729008746279]]"
195,"[[36.90726996199239, 0.12479971393545572], [36.90739332461228, 0.1247927367778806], [36.90739392704878, 0.12453333573288124], [36.9072705644312, 0.1245403129110549]]"
196,"[[36.90739332461228, 0.1247927367778806], [36.90751668724183, 0.12478575961861058], [36.9075172896761, 0.12452635764889074], [36.90739392704878, 0.12453333573288124]]"
197,"[[36.90751668724183, 0.12478575961861058], [36.90764005077921, 0.1247787815535946], [36.90764065231302, 0.12451938046732991], [36.9075172896761, 0.12452635764889074]]"
198,"[[36.90764005077921, 0.1247787815535946], [36.907753127743725, 0.124772385820783], [36.907754668285484, 0.12447218169976718], [36.907681166013965, 0.12447633930193135], [36.90764065231302, 0.12451938046732991]]"
176,"[[36.90497197512469, 0.12462957156072063], [36.905054918744376, 0.12462488040267906], [36.905095432385274, 0.12458183931571686], [36.9050960348087, 0.12432243865441277], [36.904972671476465, 0.124329415828039]]"
175,"[[36.905095432385274, 0.12458183931571686], [36.90521879483143, 0.12457486216094474], [36.905219397252615, 0.12431546057489881], [36.9050960348087, 0.12432243865441277]]"
174,"[[36.90521879483143, 0.12457486216094474], [36.905342157287336, 0.12456788410035567], [36.90534275970615, 0.12430848339781302], [36.905219397252615, 0.12431546057489881]]"
173,"[[36.905342157287336, 0.12456788410035567], [36.905465520650935, 0.12456090694226574], [36.90546612216937, 0.12430150621903355], [36.90534275970615, 0.12430848339781302]]"
172,"[[36.905465520650935, 0.12456090694226574], [36.90558888312614, 0.124553929782409], [36.90558948554034, 0.12429452903863242], [36.90546612216937, 0.12430150621903355]]"
171,"[[36.90558888312614, 0.124553929782409], [36.90571224561103, 0.12454695262085756], [36.905712848023, 0.12428755095234373], [36.90558948554034, 0.12429452903863242]]"
170,"[[36.90571224561103, 0.12454695262085756], [36.905835608105676, 0.1245399745534893], [36.90583621051527, 0.12428057376848381], [36.905712848023, 0.12428755095234373]]"
169,"[[36.905835608105676, 0.1245399745534893], [36.90595897150801, 0.12453299738862077], [36.90595957301721, 0.12427359658293072], [36.90583621051527, 0.12428057376848381]]"
168,"[[36.90595897150801, 0.12453299738862077], [36.906082334021946, 0.12452602022198579], [36.90608293642699, 0.12426661849163381], [36.90595957301721, 0.12427359658293072]]"
167,"[[36.906082334021946, 0.12452602022198579], [36.90620569654563, 0.12451904214953413], [36.906206298948305, 0.1242596413026944], [36.90608293642699, 0.12426661849163381]]"
166,"[[36.90620569654563, 0.12451904214953413], [36.90629626400483, 0.12451392032258286], [36.90632326592839, 0.12448527536212248], [36.9063240826257, 0.12425297920458593], [36.906206298948305, 0.1242596413026944]]"
165,"[[36.90643078155919, 0.12450631206367051], [36.90653057677279, 0.12450066748694616], [36.906531178271386, 0.12424126568164001], [36.906404850274534, 0.12424841080465535], [36.90640398328626, 0.12448070968261382]]"
164,"[[36.90653057677279, 0.12450066748694616], [36.90665393933165, 0.12449368940833876], [36.90665454082787, 0.12423428848654956], [36.906531178271386, 0.12424126568164001]]"
163,"[[36.90665393933165, 0.12449368940833876], [36.90677730190012, 0.12448671223216023], [36.90677790429211, 0.12422731128983835], [36.90665454082787, 0.12423428848654956]]"
162,"[[36.90677730190012, 0.12448671223216023], [36.906900664478265, 0.124479735054288], [36.90690126686802, 0.12422033318723995], [36.90677790429211, 0.12422731128983835]]"
161,"[[36.906900664478265, 0.124479735054288], [36.907024027964155, 0.12447275787479414], [36.90702462945354, 0.12421335598707195], [36.90690126686802, 0.12422033318723995]]"
160,"[[36.907024027964155, 0.12447275787479414], [36.90714739056173, 0.12446577978941167], [36.907147992048735, 0.12420637878521164], [36.90702462945354, 0.12421335598707195]]"
159,"[[36.90714739056173, 0.12446577978941167], [36.9072707531689, 0.12445880260645882], [36.90727135555167, 0.1241994015817309], [36.907147992048735, 0.12420637878521164]]"
158,"[[36.9072707531689, 0.12445880260645882], [36.907394115785756, 0.12445182542181274], [36.907394718166294, 0.12419242347236308], [36.90727135555167, 0.1241994015817309]]"
157,"[[36.907394115785756, 0.12445182542181274], [36.90751747931042, 0.12444484733142192], [36.90751808079051, 0.12418544626542642], [36.907394718166294, 0.12419242347236308]]"
156,"[[36.90751747931042, 0.12444484733142192], [36.90764084194662, 0.1244378701433893], [36.90764144342441, 0.12417846905679786], [36.90751808079051, 0.12418544626542642]]"
155,"[[36.90764084194662, 0.1244378701433893], [36.907681166013965, 0.12447633930193135], [36.907754668285484, 0.12447218169976718], [36.90775620877013, 0.12417197757809224], [36.90764144342441, 0.12417846905679786]]"
133,"[[36.904972671476465, 0.124329415828039], [36.9050960348087, 0.12432243865441277], [36.90509663629145, 0.12406303708866598], [36.90505631228527, 0.12402456890496787], [36.90497336866916, 0.12402926009509588]]"
134,"[[36.9050960348087, 0.12432243865441277], [36.905219397252615, 0.12431546057489881], [36.90521999873299, 0.12405605989265403], [36.90509663629145, 0.12406303708866598]]"
135,"[[36.905219397252615, 0.12431546057489881], [36.90534275970615, 0.12430848339781302], [36.905343362082284, 0.12404908269502131], [36.90521999873299, 0.12405605989265403]]"
136,"[[36.90534275970615, 0.12430848339781302], [36.90546612216937, 0.12430150621903355], [36.905466724543274, 0.12404210459150226], [36.905343362082284, 0.12404908269502131]]"
137,"[[36.90546612216937, 0.12430150621903355], [36.90558948554034, 0.12429452903863242], [36.90559008701387, 0.12403512739041299], [36.905466724543274, 0.12404210459150226]]"
138,"[[36.90558948554034, 0.12429452903863242], [36.905712848023, 0.12428755095234373], [36.90571344949415, 0.12402815018763143], [36.90559008701387, 0.12403512739041299]]"
139,"[[36.905712848023, 0.12428755095234373], [36.90583621051527, 0.12428057376848381], [36.905836812882185, 0.12402117298322947], [36.90571344949415, 0.12402815018763143]]"
140,"[[36.90583621051527, 0.12428057376848381], [36.90595957301721, 0.12427359658293072], [36.90596017538191, 0.12401419487294138], [36.905836812882185, 0.12402117298322947]]"
141,"[[36.90595957301721, 0.12427359658293072], [36.90608293642699, 0.12426661849163381], [36.906083537891234, 0.12400721766508367], [36.90596017538191, 0.12401419487294138]]"
142,"[[36.90608293642699, 0.12426661849163381], [36.906206298948305, 0.1242596413026944], [36.90620690041024, 0.12400024045553411], [36.906083537891234, 0.12400721766508367]]"
143,"[[36.906206298948305, 0.1242596413026944], [36.9063240826257, 0.12425297920458593], [36.906324995382946, 0.12402067853382638], [36.90629819800263, 0.12399507616284554], [36.90620690041024, 0.12400024045553411]]"
144,"[[36.906404850274534, 0.12424841080465535], [36.906531178271386, 0.12424126568164001], [36.906531780625336, 0.12398186478027969], [36.90643271734817, 0.12398746785912261], [36.906405717228516, 0.12401611283052197]]"
145,"[[36.906531178271386, 0.12424126568164001], [36.90665454082787, 0.12423428848654956], [36.90665514317952, 0.12397488756458355], [36.906531780625336, 0.12398186478027969]]"
146,"[[36.90665454082787, 0.12423428848654956], [36.90677790429211, 0.12422731128983835], [36.906778505743446, 0.12396790944307315], [36.90665514317952, 0.12397488756458355]]"
147,"[[36.90677790429211, 0.12422731128983835], [36.90690126686802, 0.12422033318723995], [36.90690186921506, 0.12396093222406593], [36.906778505743446, 0.12396790944307315]]"
148,"[[36.90690126686802, 0.12422033318723995], [36.90702462945354, 0.12421335598707195], [36.90702523179827, 0.12395395500329587], [36.90690186921506, 0.12396093222406593]]"
149,"[[36.90702462945354, 0.12421335598707195], [36.907147992048735, 0.12420637878521164], [36.90714859439117, 0.12394697778083473], [36.90702523179827, 0.12395395500329587]]"
150,"[[36.907147992048735, 0.12420637878521164], [36.90727135555167, 0.1241994015817309], [36.9072719569938, 0.12393999965255943], [36.90714859439117, 0.12394697778083473]]"
151,"[[36.90727135555167, 0.1241994015817309], [36.907394718166294, 0.12419242347236308], [36.90739532050412, 0.12393302242678797], [36.9072719569938, 0.12393999965255943]]"
152,"[[36.907394718166294, 0.12419242347236308], [36.90751808079051, 0.12418544626542642], [36.90751868312604, 0.12392604519925407], [36.90739532050412, 0.12393302242678797]]"
153,"[[36.90751808079051, 0.12418544626542642], [36.90764144342441, 0.12417846905679786], [36.907642045757704, 0.12391906706590616], [36.90751868312604, 0.12392604519925407]]"
154,"[[36.90764144342441, 0.12417846905679786], [36.90775620877013, 0.12417197757809224], [36.907757749197664, 0.12387177345575824], [36.9076825594414, 0.12387602588480096], [36.907642045757704, 0.12391906706590616]]"
132,"[[36.90497336866916, 0.12402926009509588], [36.90505631228527, 0.12402456890496787], [36.90509682590889, 0.1239815278022796], [36.90509742733554, 0.12372212623620596], [36.90497406490671, 0.12372910345762603]]"
131,"[[36.90509682590889, 0.1239815278022796], [36.90522018834979, 0.1239745496956665], [36.90522079067213, 0.12371514901316642], [36.90509742733554, 0.12372212623620596]]"
130,"[[36.90522018834979, 0.1239745496956665], [36.90534355080029, 0.12396757249148307], [36.90534415312034, 0.12370817178836441], [36.90522079067213, 0.12371514901316642]]"
129,"[[36.90534355080029, 0.12396757249148307], [36.90546691326048, 0.12396059528560764], [36.905467515578295, 0.12370119365774945], [36.90534415312034, 0.12370817178836441]]"
128,"[[36.90546691326048, 0.12396059528560764], [36.905590276628494, 0.12395361717398981], [36.90559087804587, 0.12369421642956574], [36.905467515578295, 0.12370119365774945]]"
127,"[[36.905590276628494, 0.12395361717398981], [36.90571363910806, 0.12394663996473052], [36.9057142414212, 0.123687239199763], [36.90559087804587, 0.12369421642956574]]"
126,"[[36.90571363910806, 0.12394663996473052], [36.9058370015973, 0.12393966275377949], [36.90583760390821, 0.12368026106407588], [36.9057142414212, 0.123687239199763]]"
125,"[[36.9058370015973, 0.12393966275377949], [36.90596036409629, 0.1239326846370144], [36.905960966404834, 0.12367328383082052], [36.90583760390821, 0.12368026106407588]]"
124,"[[36.90596036409629, 0.1239326846370144], [36.90608372750297, 0.12392570742275173], [36.90608432891114, 0.12366630659587483], [36.905960966404834, 0.12367328383082052]]"
123,"[[36.90608372750297, 0.12392570742275173], [36.906207090021255, 0.12391873020672593], [36.90620769232527, 0.12365932845518789], [36.90608432891114, 0.12366630659587483]]"
122,"[[36.906207090021255, 0.12391873020672593], [36.90629850526115, 0.12391355958977196], [36.906325507173236, 0.12388491461881918], [36.90632634264172, 0.12365261755791185], [36.90620769232527, 0.12365932845518789]]"
121,"[[36.90643302191169, 0.12390595127877123], [36.90653196933637, 0.12390035451434632], [36.90653257163426, 0.12364095361265924], [36.90640709052936, 0.12364805093342159], [36.90640622362959, 0.12388034890802634]]"
120,"[[36.90653196933637, 0.12390035451434632], [36.9066553327879, 0.12389337729224696], [36.906655934185416, 0.12363397636988252], [36.90653257163426, 0.12364095361265924]]"
119,"[[36.9066553327879, 0.12389337729224696], [36.906778695351036, 0.12388640006838501], [36.90677929674632, 0.12362699822129318], [36.906655934185416, 0.12363397636988252]]"
118,"[[36.906778695351036, 0.12388640006838501], [36.90690205792392, 0.12387942193870916], [36.90690266021491, 0.12362002097520844], [36.90677929674632, 0.12362699822129318]]"
117,"[[36.90690205792392, 0.12387942193870916], [36.907025420506415, 0.12387244471146543], [36.90702602279511, 0.12361304372736266], [36.90690266021491, 0.12362002097520844]]"
116,"[[36.907025420506415, 0.12387244471146543], [36.90714878399666, 0.12386546748260258], [36.90714938538505, 0.12360606557370428], [36.90702602279511, 0.12361304372736266]]"
115,"[[36.90714878399666, 0.12386546748260258], [36.90727214659857, 0.12385848934785434], [36.90727274798459, 0.12359908832247955], [36.90714938538505, 0.12360606557370428]]"
114,"[[36.90727214659857, 0.12385848934785434], [36.9073955092101, 0.12385151211553877], [36.90739611149189, 0.12359211106963691], [36.90727274798459, 0.12359908832247955]]"
113,"[[36.9073955092101, 0.12385151211553877], [36.90751887183129, 0.12384453488153276], [36.907519474110856, 0.12358513291091042], [36.90739611149189, 0.12359211106963691]]"
112,"[[36.90751887183129, 0.12384453488153276], [36.907642235360235, 0.12383755764590795], [36.90764283673943, 0.12357815565461802], [36.907519474110856, 0.12358513291091042]]"
111,"[[36.9076825594414, 0.12387602588480096], [36.907757749197664, 0.12387177345575824], [36.907759289568084, 0.12357156933276554], [36.90764283673943, 0.12357815565461802], [36.907642235360235, 0.12383755764590795]]"
89,"[[36.90497406490671, 0.12372910345762603], [36.90509742733554, 0.12372212623620596], [36.905098029617506, 0.12346272557407714], [36.905057705597635, 0.12342425650180204], [36.90497476108703, 0.12342894772394514]]"
90,"[[36.90509742733554, 0.12372212623620596], [36.90522079067213, 0.12371514901316642], [36.9052213920538, 0.12345574742622423], [36.905098029617506, 0.12346272557407714]]"
91,"[[36.90522079067213, 0.12371514901316642], [36.90534415312034, 0.12370817178836441], [36.90534475449971, 0.12344877018080348], [36.9052213920538, 0.12345574742622423]]"
92,"[[36.90534415312034, 0.12370817178836441], [36.905467515578295, 0.12370119365774945], [36.90546811785337, 0.12344179293376456], [36.90534475449971, 0.12344877018080348]]"
93,"[[36.905467515578295, 0.12370119365774945], [36.90559087804587, 0.12369421642956574], [36.90559148031864, 0.12343481568496469], [36.90546811785337, 0.12344179293376456]]"
94,"[[36.90559087804587, 0.12369421642956574], [36.9057142414212, 0.123687239199763], [36.90571484279367, 0.12342783753035312], [36.90559148031864, 0.12343481568496469]]"
95,"[[36.9057142414212, 0.123687239199763], [36.90583760390821, 0.12368026106407588], [36.905838205278314, 0.12342086027817449], [36.90571484279367, 0.12342783753035312]]"
96,"[[36.90583760390821, 0.12368026106407588], [36.905960966404834, 0.12367328383082052], [36.90596156867071, 0.12341388302437796], [36.905838205278314, 0.12342086027817449]]"
97,"[[36.905960966404834, 0.12367328383082052], [36.90608432891114, 0.12366630659587483], [36.90608493117479, 0.12340690486469852], [36.90596156867071, 0.12341388302437796]]"
98,"[[36.90608432891114, 0.12366630659587483], [36.90620769232527, 0.12365932845518789], [36.90620829368848, 0.12339992760745243], [36.90608493117479, 0.12340690486469852]]"
99,"[[36.90620769232527, 0.12365932845518789], [36.90632634264172, 0.12365261755791185], [36.906327236450934, 0.12342031778898703], [36.90630043816329, 0.12339471633236931], [36.90620829368848, 0.12339992760745243]]"
100,"[[36.90640709052936, 0.12364805093342159], [36.90653257163426, 0.12364095361265924], [36.906533173889564, 0.12338155180660072], [36.90643495840125, 0.12338710707257783], [36.90640795739499, 0.12341575205439688]]"
101,"[[36.90653257163426, 0.12364095361265924], [36.906655934185416, 0.12363397636988252], [36.906656536438426, 0.12337457454321829], [36.906533173889564, 0.12338155180660072]]"
102,"[[36.906655934185416, 0.12363397636988252], [36.90677929674632, 0.12362699822129318], [36.906779898996966, 0.12336759727814729], [36.906656536438426, 0.12337457454321829]]"
103,"[[36.90677929674632, 0.12362699822129318], [36.90690266021491, 0.12362002097520844], [36.90690326156518, 0.12336062001138781], [36.906779898996966, 0.12336759727814729]]"
104,"[[36.90690266021491, 0.12362002097520844], [36.90702602279511, 0.12361304372736266], [36.907026625041226, 0.12335364183888828], [36.90690326156518, 0.12336062001138781]]"
105,"[[36.90702602279511, 0.12361304372736266], [36.90714938538505, 0.12360606557370428], [36.9071499876288, 0.12334666456875207], [36.907026625041226, 0.12335364183888828]]"
106,"[[36.90714938538505, 0.12360606557370428], [36.90727274798459, 0.12359908832247955], [36.90727335022605, 0.12333968729692776], [36.9071499876288, 0.12334666456875207]]"
107,"[[36.90727274798459, 0.12359908832247955], [36.90739611149189, 0.12359211106963691], [36.90739671283305, 0.12333270911929206], [36.90727335022605, 0.12333968729692776]]"
108,"[[36.90739611149189, 0.12359211106963691], [36.907519474110856, 0.12358513291091042], [36.90752007634772, 0.12332573184416296], [36.90739671283305, 0.12333270911929206]]"
109,"[[36.907519474110856, 0.12358513291091042], [36.90764283673943, 0.12357815565461802], [36.907643438974, 0.1233187545672746], [36.90752007634772, 0.12332573184416296]]"
110,"[[36.90764283673943, 0.12357815565461802], [36.907759289568084, 0.12357156933276554], [36.90776082988139, 0.12327136520911418], [36.90768395174238, 0.12327571337039178], [36.907643438974, 0.1233187545672746]]"
88,"[[36.90497476108703, 0.12342894772394514], [36.905057705597635, 0.12342425650180204], [36.905098218305916, 0.1233812153833165], [36.90509882053179, 0.12312181472086099], [36.90497545810827, 0.12312879199000286]]"
87,"[[36.905098218305916, 0.1233812153833165], [36.90522158163949, 0.12337423813317767], [36.90522218296506, 0.12311483654590896], [36.90509882053179, 0.12312181472086099]]"
86,"[[36.90522158163949, 0.12337423813317767], [36.905344944084746, 0.12336725997715607], [36.90534554630602, 0.12310785927346192], [36.90522218296506, 0.12311483654590896]]"
85,"[[36.905344944084746, 0.12336725997715607], [36.90546830653961, 0.12336028272356722], [36.9054689087586, 0.12310088199925567], [36.90534554630602, 0.12310785927346192]]"
84,"[[36.90546830653961, 0.12336028272356722], [36.90559166900417, 0.12335330546828921], [36.90559227122093, 0.12309390381923935], [36.9054689087586, 0.12310088199925567]]"
83,"[[36.90559166900417, 0.12335330546828921], [36.90571503237655, 0.12334632730727127], [36.90571563369287, 0.12308692654165727], [36.90559227122093, 0.12309390381923935]]"
82,"[[36.90571503237655, 0.12334632730727127], [36.90583839486047, 0.12333935004861526], [36.90583899707257, 0.12307994926245865], [36.90571563369287, 0.12308692654165727]]"
81,"[[36.90583839486047, 0.12333935004861526], [36.90596175735407, 0.12333237278827043], [36.90596235956388, 0.12307297198150133], [36.90583899707257, 0.12307994926245865]]"
80,"[[36.90596175735407, 0.12333237278827043], [36.90608511985736, 0.12332539552623681], [36.906085722064944, 0.12306599379473387], [36.90596235956388, 0.12307297198150133]]"
79,"[[36.90608511985736, 0.12332539552623681], [36.90620848326847, 0.12331841735846336], [36.906209084575615, 0.12305901651040149], [36.906085722064944, 0.12306599379473387]]"
78,"[[36.90620848326847, 0.12331841735846336], [36.90630074539085, 0.12331319885490233], [36.90632774729147, 0.12328455387345734], [36.90632860242913, 0.123052256813359], [36.906209084575615, 0.12305901651040149]]"
77,"[[36.90643526203567, 0.12330559049188532], [36.906533362569505, 0.12330004244460954], [36.906533964768755, 0.12304064063822466], [36.90640933055574, 0.12304769015607914], [36.90640846374431, 0.12327998903557483]]"
76,"[[36.906533362569505, 0.12330004244460954], [36.90665672511772, 0.12329306427062955], [36.906657327314605, 0.12303366334776167], [36.906533964768755, 0.12304064063822466]]"
75,"[[36.90665672511772, 0.12329306427062955], [36.90678008857361, 0.12328608699915537], [36.90678068987013, 0.12302668605561179], [36.906657327314605, 0.12303366334776167]]"
74,"[[36.90678008857361, 0.12328608699915537], [36.90690345114111, 0.12327910972592188], [36.90690405243541, 0.12301970785765211], [36.90678068987013, 0.12302668605561179]]"
73,"[[36.90690345114111, 0.12327910972592188], [36.90702681371835, 0.12327213154687737], [36.90702741590836, 0.12301273056219955], [36.90690405243541, 0.12301970785765211]]"
72,"[[36.90702681371835, 0.12327213154687737], [36.90715017630521, 0.12326515427026785], [36.90715077849292, 0.12300575326498935], [36.90702741590836, 0.12301273056219955]]"
71,"[[36.90715017630521, 0.12326515427026785], [36.90727353979981, 0.12325817699204185], [36.90727414108723, 0.12299877506196934], [36.90715077849292, 0.12300575326498935]]"
70,"[[36.90727353979981, 0.12325817699204185], [36.90739690240601, 0.1232511997120569], [36.907397503691136, 0.122991797761386], [36.90727414108723, 0.12299877506196934]]"
69,"[[36.90739690240601, 0.1232511997120569], [36.907520265021965, 0.12324422152626108], [36.9075208672028, 0.1229848204591873], [36.907397503691136, 0.122991797761386]]"
68,"[[36.907520265021965, 0.12324422152626108], [36.90764362764752, 0.12323724424290103], [36.90764422982606, 0.12297784315523126], [36.9075208672028, 0.1229848204591873]]"
67,"[[36.90764362764752, 0.12323724424290103], [36.90768395174238, 0.12327571337039178], [36.90776082988139, 0.12327136520911418], [36.90776237103573, 0.12297116018075202], [36.90764422982606, 0.12297784315523126]]"
45,"[[36.90497545810827, 0.12312879199000286], [36.90509882053179, 0.12312181472086099], [36.90509942271505, 0.12286241315403507], [36.90505909868139, 0.12282394409730496], [36.904976154174285, 0.12282863625565663]]"
46,"[[36.90509882053179, 0.12312181472086099], [36.90522218296506, 0.12311483654590896], [36.90522278514596, 0.12285543586258507], [36.90509942271505, 0.12286241315403507]]"
47,"[[36.90522218296506, 0.12311483654590896], [36.90534554630602, 0.12310785927346192], [36.905346147586556, 0.12284845856944823], [36.90522278514596, 0.12285543586258507]]"
48,"[[36.90534554630602, 0.12310785927346192], [36.9054689087586, 0.12310088199925567], [36.90546951003691, 0.12284148037050252], [36.905346147586556, 0.12284845856944823]]"
49,"[[36.9054689087586, 0.12310088199925567], [36.90559227122093, 0.12309390381923935], [36.905592873394944, 0.12283450307406313], [36.90546951003691, 0.12284148037050252]]"
50,"[[36.90559227122093, 0.12309390381923935], [36.90571563369287, 0.12308692654165727], [36.905716235864595, 0.12282752577586616], [36.905592873394944, 0.12283450307406313]]"
51,"[[36.90571563369287, 0.12308692654165727], [36.90583899707257, 0.12307994926245865], [36.905839598344, 0.12282054757186031], [36.905716235864595, 0.12282752577586616]]"
52,"[[36.90583899707257, 0.12307994926245865], [36.90596235956388, 0.12307297198150133], [36.90596296083302, 0.12281357027029031], [36.905839598344, 0.12282054757186031]]"
53,"[[36.90596235956388, 0.12307297198150133], [36.906085722064944, 0.12306599379473387], [36.90608632422979, 0.12280659296710507], [36.90596296083302, 0.12281357027029031]]"
54,"[[36.906085722064944, 0.12306599379473387], [36.906209084575615, 0.12305901651040149], [36.90620968673817, 0.12279961566216263], [36.90608632422979, 0.12280659296710507]]"
55,"[[36.906209084575615, 0.12305901651040149], [36.90632860242913, 0.123052256813359], [36.906329476392315, 0.12281995704209038], [36.90630267899356, 0.12279435559585607], [36.90620968673817, 0.12279961566216263]]"
56,"[[36.90640933055574, 0.12304769015607914], [36.906533964768755, 0.12304064063822466], [36.906534566027204, 0.12278123973564306], [36.906437198327666, 0.12278674718809866], [36.906410197332875, 0.12281539218040899]]"
57,"[[36.906533964768755, 0.12304064063822466], [36.906657327314605, 0.12303366334776167], [36.906657929468835, 0.12277426242464545], [36.906534566027204, 0.12278123973564306]]"
58,"[[36.906657327314605, 0.12303366334776167], [36.90678068987013, 0.12302668605561179], [36.90678129202214, 0.12276728420776825], [36.906657929468835, 0.12277426242464545]]"
59,"[[36.90678068987013, 0.12302668605561179], [36.90690405243541, 0.12301970785765211], [36.906904654585055, 0.1227603068933282], [36.90678129202214, 0.12276728420776825]]"
60,"[[36.90690405243541, 0.12301970785765211], [36.90702741590836, 0.12301273056219955], [36.90702801715765, 0.12275332957720263], [36.906904654585055, 0.1227603068933282]]"
61,"[[36.90702741590836, 0.12301273056219955], [36.90715077849292, 0.12300575326498935], [36.907151380638055, 0.1227463513553394], [36.90702801715765, 0.12275332957720263]]"
62,"[[36.90715077849292, 0.12300575326498935], [36.90727414108723, 0.12299877506196934], [36.907274743230005, 0.12273937403584294], [36.907151380638055, 0.1227463513553394]]"
63,"[[36.90727414108723, 0.12299877506196934], [36.907397503691136, 0.122991797761386], [36.907398105831625, 0.12273239671466117], [36.907274743230005, 0.12273937403584294]]"
64,"[[36.907397503691136, 0.122991797761386], [36.9075208672028, 0.1229848204591873], [36.90752146844292, 0.12272541939179436], [36.907398105831625, 0.12273239671466117]]"
65,"[[36.9075208672028, 0.1229848204591873], [36.90764422982606, 0.12297784315523126], [36.90764483196204, 0.12271844116318993], [36.90752146844292, 0.12272541939179436]]"
66,"[[36.90764422982606, 0.12297784315523126], [36.90776237103573, 0.12297116018075202], [36.90776391123482, 0.12267095605578379], [36.90768534471318, 0.1226753999506011], [36.90764483196204, 0.12271844116318993]]"
44,"[[36.904976154174285, 0.12282863625565663], [36.90505909868139, 0.12282394409730496], [36.90509961137242, 0.12278090296309394], [36.90510021349951, 0.12252150230006356], [36.904976851081294, 0.12252847961692717]]"
43,"[[36.90509961137242, 0.12278090296309394], [36.90522297380261, 0.12277392566516472], [36.90522357592741, 0.12251452498151451], [36.90510021349951, 0.12252150230006356]]"
42,"[[36.90522297380261, 0.12277392566516472], [36.90534633714056, 0.12276694836562002], [36.90534693836507, 0.12250754675715819], [36.90522357592741, 0.12251452498151451]]"
41,"[[36.90534633714056, 0.12276694836562002], [36.90546969959012, 0.12275997106431791], [36.905470301710416, 0.12250056943530943], [36.90534693836507, 0.12250754675715819]]"
40,"[[36.90546969959012, 0.12275997106431791], [36.905593062049434, 0.12275299285720724], [36.90559366416737, 0.12249359211170482], [36.905470301710416, 0.12250056943530943]]"
39,"[[36.905593062049434, 0.12275299285720724], [36.90571642451837, 0.12274601555253248], [36.905717026634015, 0.12248661478641514], [36.90559366416737, 0.12249359211170482]]"
38,"[[36.90571642451837, 0.12274601555253248], [36.905839787895054, 0.12273903824624262], [36.90584038911041, 0.12247963655531824], [36.905717026634015, 0.12248661478641514]]"
37,"[[36.905839787895054, 0.12273903824624262], [36.90596315038342, 0.12273206003407336], [36.90596375249449, 0.12247265922672966], [36.90584038911041, 0.12247963655531824]]"
36,"[[36.90596315038342, 0.12273206003407336], [36.9060865128814, 0.12272508272434056], [36.906087114990186, 0.12246568189638551], [36.90596375249449, 0.12247265922672966]]"
35,"[[36.9060865128814, 0.12272508272434056], [36.90620987538907, 0.12271810541292184], [36.90621047749563, 0.12245870366023417], [36.906087114990186, 0.12246568189638551]]"
34,"[[36.90620987538907, 0.12271810541292184], [36.906302985291944, 0.12271283902216998], [36.906329987181095, 0.12268419403023287], [36.906330861988074, 0.12245189516268354], [36.90621047749563, 0.12245870366023417]]"
33,"[[36.90643750282912, 0.1227052306072078], [36.90653475557428, 0.12269972946941977], [36.90653535677667, 0.12244032856651232], [36.90641157035351, 0.12244733028087477], [36.906410703630584, 0.12267962825701555]]"
32,"[[36.90653475557428, 0.12269972946941977], [36.906658118117114, 0.12269275215187637], [36.90665872021536, 0.12243335032431127], [36.90653535677667, 0.12244032856651232]]"
31,"[[36.906658118117114, 0.12269275215187637], [36.9067814806697, 0.12268577392852476], [36.90678208276559, 0.12242637298447803], [36.90665872021536, 0.12243335032431127]]"
30,"[[36.9067814806697, 0.12268577392852476], [36.90690484412997, 0.12267879660768155], [36.9069054453255, 0.1224193956429607], [36.90678208276559, 0.12242637298447803]]"
29,"[[36.90690484412997, 0.12267879660768155], [36.90702820670184, 0.12267181928508233], [36.90702880789508, 0.12241241829975943], [36.9069054453255, 0.1224193956429607]]"
28,"[[36.90702820670184, 0.12267181928508233], [36.90715156928339, 0.12266484196079798], [36.90715217137249, 0.12240544005082206], [36.90702880789508, 0.12241241829975943]]"
27,"[[36.90715156928339, 0.12266484196079798], [36.90727493187469, 0.12265786373070552], [36.907275533961425, 0.12239846270425313], [36.90715217137249, 0.12240544005082206]]"
26,"[[36.90727493187469, 0.12265786373070552], [36.90739829537366, 0.12265088640312219], [36.907398896560046, 0.12239148535600057], [36.907275533961425, 0.12239846270425313]]"
25,"[[36.90739829537366, 0.12265088640312219], [36.90752165798424, 0.12264390907378316], [36.90752225916841, 0.12238450710194115], [36.907398896560046, 0.12239148535600057]]"
24,"[[36.90752165798424, 0.12264390907378316], [36.907645020597826, 0.12263701763448029], [36.90764562268445, 0.1223775297503922], [36.90752225916841, 0.12238450710194115]]"
23,"[[36.907645020597826, 0.12263701763448029], [36.90768534471318, 0.1226753999506011], [36.90776391123482, 0.12267095605578379], [36.90776545137679, 0.12237075193015752], [36.90764562268445, 0.1223775297503922]]"
1,"[[36.904976851081294, 0.12252847961692717], [36.90510021349951, 0.12252150230006356], [36.90510090944858, 0.12222134654119189], [36.904977547033006, 0.12222832388191635]]"
2,"[[36.90510021349951, 0.12252150230006356], [36.90522357592741, 0.12251452498151451], [36.9052242718739, 0.12221436829466152], [36.90510090944858, 0.12222134654119189]]"
3,"[[36.90522357592741, 0.12251452498151451], [36.90534693836507, 0.12250754675715819], [36.905347635206915, 0.12220739095063983], [36.9052242718739, 0.12221436829466152]]"
4,"[[36.90534693836507, 0.12250754675715819], [36.905470301710416, 0.12250056943530943], [36.90547099765154, 0.1222004136048636], [36.905347635206915, 0.12220739095063983]]"
5,"[[36.905470301710416, 0.12250056943530943], [36.90559366416737, 0.12249359211170482], [36.90559436010586, 0.12219343625740377], [36.90547099765154, 0.1222004136048636]]"
6,"[[36.90559366416737, 0.12249359211170482], [36.905717026634015, 0.12248661478641514], [36.905717722569925, 0.12218645800413808], [36.90559436010586, 0.12219343625740377]]"
7,"[[36.905717026634015, 0.12248661478641514], [36.90584038911041, 0.12247963655531824], [36.905841085941674, 0.12217948065338177], [36.905717722569925, 0.12218645800413808]]"
8,"[[36.90584038911041, 0.12247963655531824], [36.90596375249449, 0.12247265922672966], [36.90596444842504, 0.12217250330087137], [36.905841085941674, 0.12217948065338177]]"
9,"[[36.90596375249449, 0.12247265922672966], [36.906087114990186, 0.12246568189638551], [36.90608781091816, 0.1221655250425552], [36.90596444842504, 0.12217250330087137]]"
10,"[[36.906087114990186, 0.12246568189638551], [36.90621047749563, 0.12245870366023417], [36.906211173420886, 0.12215854768667828], [36.90608781091816, 0.1221655250425552]]"
11,"[[36.90621047749563, 0.12245870366023417], [36.906330861988074, 0.12245189516268354], [36.90633199168188, 0.12215171388453497], [36.906211173420886, 0.12215854768667828]]"
12,"[[36.90641157035351, 0.12244733028087477], [36.90653535677667, 0.12244032856651232], [36.90653605359311, 0.12214017162610612], [36.906412691064816, 0.12214714989053808]]"
13,"[[36.90653535677667, 0.12244032856651232], [36.90665872021536, 0.12243335032431127], [36.90665941613101, 0.12213319426411402], [36.90653605359311, 0.12214017162610612]]"
14,"[[36.90665872021536, 0.12243335032431127], [36.90678208276559, 0.12242637298447803], [36.9067827786786, 0.12212621690043915], [36.90665941613101, 0.12213319426411402]]"
15,"[[36.90678208276559, 0.12242637298447803], [36.9069054453255, 0.1224193956429607], [36.906906142133934, 0.12211923953515222], [36.9067827786786, 0.12212621690043915]]"
16,"[[36.9069054453255, 0.1224193956429607], [36.90702880789508, 0.12241241829975943], [36.907029504700944, 0.12211226126398916], [36.906906142133934, 0.12211923953515222]]"
17,"[[36.90702880789508, 0.12241241829975943], [36.90715217137249, 0.12240544005082206], [36.90715286727756, 0.12210528389526659], [36.907029504700944, 0.12211226126398916]]"
18,"[[36.90715217137249, 0.12240544005082206], [36.907275533961425, 0.12239846270425313], [36.90727622986386, 0.12209830652486173], [36.90715286727756, 0.12210528389526659]]"
19,"[[36.907275533961425, 0.12239846270425313], [36.907398896560046, 0.12239148535600057], [36.90739959335797, 0.12209132824872193], [36.90727622986386, 0.12209830652486173]]"
20,"[[36.907398896560046, 0.12239148535600057], [36.90752225916841, 0.12238450710194115], [36.90752295596362, 0.1220843508749526], [36.90739959335797, 0.12209132824872193]]"
21,"[[36.90752225916841, 0.12238450710194115], [36.90764562268445, 0.1223775297503922], [36.90764631857895, 0.12207737349950121], [36.90752295596362, 0.1220843508749526]]"
22,"[[36.90764562268445, 0.1223775297503922], [36.90776545137679, 0.12237075193015752], [36.90776699146165, 0.12207054780387332], [36.90764631857895, 0.12207737349950121]]"
